step,timestamp,train_loss_total,train_loss_ce,train_loss_belief_align,train_loss_self_consistency,train_loss_model_align,val_loss,val_ce,train_ppl,train_bpc,val_ppl,val_bpc,beta_mean,beta_std,kl_mean,kl_std,attention_entropy,attention_concentration,rg_modularity,rg_effective_rank,rg_n_clusters,rg_kl_within_mean,rg_kl_within_std,rg_kl_between_mean,rg_kl_between_std,rg_beta_entropy,mu_lr,sigma_lr,phi_lr,ffn_lr,grad_norm_total,grad_norm_mu,grad_norm_ffn,step_time,tokens_per_sec
1000,1768675765.7891045,7.939260959625244,7.939260959625244,0,0,0,,,2805.286522012664,11.453932414774693,,,0,0,0,0,0,0,,,,,,,,,0,0,0,0.0002999832898378372,1.6527260300672602,0.0,0.34774834829876694,0.01562952995300293,24568.877065059874
2000,1768675773.3866143,7.258193016052246,7.258193016052246,0,0,0,,,1419.6888630405272,10.471359070073484,,,0,0,0,0,0,0,,,,,,,,,0,0,0,0.00029992960095405577,1.2363761389099412,0.0,0.192166722835949,0.018937110900878906,20277.644357153647
3000,1768675781.0057242,6.710910797119141,6.710910797119141,0,0,0,,,821.3183532812038,9.681797726851984,,,0,0,0,0,0,0,,,,,,,,,0,0,0,0.00029983890652656554,1.594798156656475,0.0,0.3448122091817597,0.013640165328979492,28152.151439408506
4000,1768675788.608996,6.492865562438965,6.492865562438965,0,0,0,,,660.413109329644,9.367224948089426,,,0,0,0,0,0,0,,,,,,,,,0,0,0,0.0002997112154960632,1.3899382309345838,0.0,0.2764300664015169,0.015630006790161133,24568.127522613908
5000,1768675796.136768,6.812451362609863,6.812451362609863,0,0,0,6.412990951538086,6.412990951538086,909.0966031378786,9.828289797134511,609.7146606445312,9.251990243049793,0,0,0,0,0,0,,,,,,,,,0,0,0,0.0002995465725660324,1.772647871362337,0.0,0.38742333504430265,0.013157367706298828,29185.16899213569
6000,1768675823.8782375,6.743717670440674,6.743717670440674,0,0,0,,,848.7101025309091,9.729128040300033,,,0,0,0,0,0,0,,,,,,,,,0,0,0,0.00029934500455856323,1.421753352997065,0.0,0.3232549352918731,0.014728546142578125,26071.819735819736
7000,1768675831.8032641,7.100996017456055,7.100996017456055,0,0,0,,,1213.1748162210117,10.244571739756129,,,0,0,0,0,0,0,,,,,,,,,0,0,0,0.0002991065829992294,1.3309549359514004,0.0,0.28928426613830005,0.017401695251464844,22066.815586123746
8000,1768675839.5539231,6.6359639167785645,6.6359639167785645,0,0,0,,,762.0132292668786,9.573672234254538,,,0,0,0,0,0,0,,,,,,,,,0,0,0,0.00029883134365081787,1.3354245870861963,0.0,0.2938233280645698,0.013675689697265625,28079.022594142258
9000,1768675847.22452,6.607532024383545,6.607532024383545,0,0,0,,,740.6528480680149,9.532653684093154,,,0,0,0,0,0,0,,,,,,,,,0,0,0,0.00029851936697959896,1.4020128936908243,0.0,0.3264477531651099,0.01562976837158203,24568.502288120082
10000,1768675854.9573734,7.084544658660889,7.084544658660889,0,0,0,6.125478363037109,6.125478363037109,1193.3797166362801,10.220837446006458,457.3634033203125,8.837197257426283,0,0,0,0,0,0,,,,,,,,,0,0,0,0.0002981707245111465,1.3142990471711564,0.0,0.30962270782848483,0.015630006790161133,24568.127522613908
11000,1768675882.784022,6.658960342407227,6.658960342407227,0,0,0,,,779.7398531163562,9.60684906346718,,,0,0,0,0,0,0,,,,,,,,,0,0,0,0.00029778550565242765,1.304376116153818,0.0,0.3176566744442141,0.015637874603271484,24555.76667174874
12000,1768675890.3791766,6.483124256134033,6.483124256134033,0,0,0,,,654.0110557520965,9.35317121379152,,,0,0,0,0,0,0,,,,,,,,,0,0,0,0.0002973638087511062,1.6267943437048185,0.0,0.41525629218378746,0.015629291534423828,24569.25185343381
13000,1768675897.9412458,7.115877628326416,7.115877628326416,0,0,0,,,1231.3638168884434,10.26604136595924,,,0,0,0,0,0,0,,,,,,,,,0,0,0,0.00029690573215484617,1.359959339591366,0.0,0.3418852238802973,0.0,0
14000,1768675905.539578,6.046026706695557,6.046026706695557,0,0,0,,,422.43124790155713,8.722572746831911,,,0,0,0,0,0,0,,,,,,,,,0,0,0,0.00029641139209270477,1.5168556861902724,0.0,0.3841569032334385,0.015630722045898438,24567.003294691884
15000,1768675913.1644106,6.710043430328369,6.710043430328369,0,0,0,6.17919225692749,6.17919225692749,820.6062778768385,9.680546381084307,482.6018981933594,8.914690025768772,0,0,0,0,0,0,,,,,,,,,0,0,0,0.0002958809047937393,1.8455787559761796,0.0,0.49809346451593206,0.015630245208740234,24567.752768540835
16000,1768675937.9037344,6.4201979637146,6.4201979637146,0,0,0,,,614.1246764948718,9.262387763776474,,,0,0,0,0,0,0,,,,,,,,,0,0,0,0.00029531440436840055,1.4239531788263342,0.0,0.369974007673686,0.01562952995300293,24568.877065059874
17000,1768675945.5149102,6.343168258666992,6.343168258666992,0,0,0,,,568.5949164260478,9.15125739030315,,,0,0,0,0,0,0,,,,,,,,,0,0,0,0.000294712033867836,1.3896662370831518,0.0,0.36136565440873175,0.0,0
18000,1768675953.0589497,6.420251369476318,6.420251369476318,0,0,0,,,614.1574751668215,9.26246481200406,,,0,0,0,0,0,0,,,,,,,,,0,0,0,0.00029407394528388974,1.309145764761328,0.0,0.36613471316339863,0.015630006790161133,24568.127522613908
19000,1768675960.5601575,6.737212181091309,6.737212181091309,0,0,0,,,843.2067484131153,9.719742603077147,,,0,0,0,0,0,0,,,,,,,,,0,0,0,0.0002934002816677093,1.326069070839327,0.0,0.3554675699437507,0.015629053115844727,24569.626653242416
20000,1768675968.1093912,6.6049418449401855,6.6049418449401855,0,0,0,5.986018943786621,5.986018943786621,738.7369066734665,9.528916845055207,397.8277587890625,8.63599984486835,0,0,0,0,0,0,,,,,,,,,0,0,0,0.0002926912307739258,1.3051216615225536,0.0,0.3687469021074485,0.015628814697265625,24570.00146448621
21000,1768675995.2062762,6.370580673217773,6.370580673217773,0,0,0,,,584.3970741159387,9.190805144834355,,,0,0,0,0,0,0,,,,,,,,,0,0,0,0.0002919469445943832,1.6037998831925582,0.0,0.4631999601721212,0.015630722045898438,24567.003294691884
22000,1768676002.752165,6.353418350219727,6.353418350219727,0,0,0,,,574.4530382283311,9.16604514655494,,,0,0,0,0,0,0,,,,,,,,,0,0,0,0.00029116761982440946,1.417553273629236,0.0,0.4219776814453017,0.01562976837158203,24568.502288120082
23000,1768676010.2535279,6.599340438842773,6.599340438842773,0,0,0,,,734.6105088640307,9.520835724256465,,,0,0,0,0,0,0,,,,,,,,,0,0,0,0.00029035345315933225,1.4644266292345531,0.0,0.44494603448197784,0.015629291534423828,24569.25185343381
24000,1768676017.7982092,5.94114351272583,5.94114351272583,0,0,0,,,380.36963846528164,8.57125828301919,,,0,0,0,0,0,0,,,,,,,,,0,0,0,0.0002895046323537826,1.580843433253634,0.0,0.48192030714918244,0.01562976837158203,24568.502288120082
25000,1768676025.3653204,6.095064163208008,6.095064163208008,0,0,0,5.80427827835083,5.80427827835083,443.662511073868,8.793318842160232,331.7157287597656,8.373803488116273,0,0,0,0,0,0,,,,,,,,,0,0,0,0.00028862137198448176,1.4849436551426374,0.0,0.4513651570934607,0.015622854232788086,24579.375463549375
26000,1768676053.182448,6.110846042633057,6.110846042633057,0,0,0,,,450.7198821389864,8.816087281342659,,,0,0,0,0,0,0,,,,,,,,,0,0,0,0.00028770389556884764,1.493653645665221,0.0,0.45595140825733166,0.01562976837158203,24568.502288120082
27000,1768676060.7132964,6.425108432769775,6.425108432769775,0,0,0,,,617.1477329529107,9.269472073130816,,,0,0,0,0,0,0,,,,,,,,,0,0,0,0.00028675242662429804,1.4109570495923847,0.0,0.41241603410380384,0.015630483627319336,24567.378025900332
28000,1768676068.2142305,5.809976577758789,5.809976577758789,0,0,0,,,333.6113116584449,8.382024396413636,,,0,0,0,0,0,0,,,,,,,,,0,0,0,0.00028576719760894774,1.565073084294577,0.0,0.4795994374171389,0.01562976837158203,24568.502288120082
29000,1768676075.7005467,5.786754608154297,5.786754608154297,0,0,0,,,325.95345925521895,8.348522176025561,,,0,0,0,0,0,0,,,,,,,,,0,0,0,0.0002847484588623047,1.5116323256487938,0.0,0.46167426525744093,0.015630006790161133,24568.127522613908
30000,1768676083.1895516,6.466677188873291,6.466677188873291,0,0,0,5.686524200439453,5.686524200439453,643.3424659281434,9.32944311141728,294.86700439453125,8.203920263869076,0,0,0,0,0,0,,,,,,,,,0,0,0,0.0002836964517831802,1.4550324494960953,0.0,0.4296801429356464,0.0,0
31000,1768676110.253873,6.95117712020874,6.95117712020874,0,0,0,,,1044.378363790121,10.028428759665976,,,0,0,0,0,0,0,,,,,,,,,0,0,0,0.00028261143565177913,1.5953004610156103,0.0,0.49766271908119963,0.0,0
32000,1768676117.8185222,6.424973011016846,6.424973011016846,0,0,0,,,617.0641633837942,9.269276700839434,,,0,0,0,0,0,0,,,,,,,,,0,0,0,0.00028149368762969966,1.4337465628190658,0.0,0.4211797001662164,0.015630006790161133,24568.127522613908
33000,1768676125.396103,6.510556221008301,6.510556221008301,0,0,0,,,672.2002055031975,9.392747173477465,,,0,0,0,0,0,0,,,,,,,,,0,0,0,0.00028034348487854,1.3654839276364126,0.0,0.4142466039815329,0.015630483627319336,24567.378025900332
34000,1768676132.9788022,6.32398796081543,6.32398796081543,0,0,0,,,557.7930195236528,9.12358606970993,,,0,0,0,0,0,0,,,,,,,,,0,0,0,0.0002791610956192016,1.5066352445629496,0.0,0.4684752359338346,0.015630006790161133,24568.127522613908
35000,1768676140.5432415,5.697129249572754,5.697129249572754,0,0,0,5.732214641571045,5.732214641571045,298.01065758464296,8.219220115662074,308.6520080566406,8.269837636705654,0,0,0,0,0,0,,,,,,,,,0,0,0,0.0002779468327760696,1.4510752405720102,0.0,0.46088612666543655,0.015630722045898438,24567.003294691884
36000,1768676165.2443058,5.67976713180542,5.67976713180542,0,0,0,,,292.88121926005635,8.19417187445981,,,0,0,0,0,0,0,,,,,,,,,0,0,0,0.0002767009824514389,1.483215266232374,0.0,0.4666601080060639,0.015633344650268555,24562.882005764743
37000,1768676172.7654564,6.14141845703125,6.14141845703125,0,0,0,,,464.71227797316254,8.860193951982934,,,0,0,0,0,0,0,,,,,,,,,0,0,0,0.00027542384862899776,1.6484920581438445,0.0,0.5105821465439501,0.015629053115844727,24569.626653242416
38000,1768676180.2792873,6.41456413269043,6.41456413269043,0,0,0,,,610.6745297372954,9.254259863696698,,,0,0,0,0,0,0,,,,,,,,,0,0,0,0.0002741157531738281,1.5993927775116965,0.0,0.496314653528911,0.015629291534423828,24569.25185343381
39000,1768676187.8129873,5.811490058898926,5.811490058898926,0,0,0,,,334.1166083688431,8.38420788814899,,,0,0,0,0,0,0,,,,,,,,,0,0,0,0.00027277702689170835,1.6073273242549622,0.0,0.5125385079794327,0.015629291534423828,24569.25185343381
40000,1768676195.359964,6.490382194519043,6.490382194519043,0,0,0,5.706278610229492,5.706278610229492,658.7750953375577,9.36364220550665,300.7498474121094,8.232419852908855,0,0,0,0,0,0,,,,,,,,,0,0,0,0.0002714079827070236,1.450715555151834,0.0,0.4940833802992442,0.01562976837158203,24568.502288120082
41000,1768676219.8668306,6.259269714355469,6.259269714355469,0,0,0,,,522.8369803139457,9.030217376487114,,,0,0,0,0,0,0,,,,,,,,,0,0,0,0.00027000897824764247,1.4249139290638198,0.0,0.4563621703006777,0.015630483627319336,24567.378025900332
42000,1768676227.459302,6.4743757247924805,6.4743757247924805,0,0,0,,,648.3143746634165,9.34054975101,,,0,0,0,0,0,0,,,,,,,,,0,0,0,0.0002685803353786468,1.4878026983220431,0.0,0.4591677799781488,0.0,0
43000,1768676235.087875,5.74288272857666,5.74288272857666,0,0,0,,,311.96241898289514,8.285228432924427,,,0,0,0,0,0,0,,,,,,,,,0,0,0,0.00026712242960929866,1.6262467247819234,0.0,0.5224512977118428,0.015630006790161133,24568.127522613908
44000,1768676242.7435281,6.164092063903809,6.164092063903809,0,0,0,,,475.36934195660064,8.89290505217704,,,0,0,0,0,0,0,,,,,,,,,0,0,0,0.00026563560962677,1.7124184431741123,0.0,0.5547108947917045,0.015630006790161133,24568.127522613908
45000,1768676250.3414452,6.378527641296387,6.378527641296387,0,0,0,5.643826961517334,5.643826961517334,589.0597615843708,9.202270196271474,282.54193115234375,8.142321169016485,0,0,0,0,0,0,,,,,,,,,0,0,0,0.00026412024199962613,1.3417189139774612,0.0,0.41901897661193827,0.015630483627319336,24567.378025900332
46000,1768676277.5011013,6.188408851623535,6.188408851623535,0,0,0,,,487.0704879001228,8.92798676123064,,,0,0,0,0,0,0,,,,,,,,,0,0,0,0.00026257670223712917,1.6155403489378497,0.0,0.5306928367998748,0.015630006790161133,24568.127522613908
47000,1768676285.0580287,6.539940357208252,6.539940357208252,0,0,0,,,692.2452893635859,9.43513952105394,,,0,0,0,0,0,0,,,,,,,,,0,0,0,0.000261005374789238,1.3864248730497317,0.0,0.4405303714220987,0.015628814697265625,24570.00146448621
48000,1768676292.7842293,5.8723344802856445,5.8723344802856445,0,0,0,,,355.0769335727293,8.471987833149369,,,0,0,0,0,0,0,,,,,,,,,0,0,0,0.00025940664410591124,1.6602905633477556,0.0,0.5187045716293567,0.007635354995727539,50292.357096018735
49000,1768676300.4241982,6.457273483276367,6.457273483276367,0,0,0,,,637.3210191099478,9.315876431986618,,,0,0,0,0,0,0,,,,,,,,,0,0,0,0.0002577809035778045,1.4445046882261157,0.0,0.4651584324857449,0.01562976837158203,24568.502288120082
50000,1768676307.9741945,6.257456302642822,6.257456302642822,0,0,0,5.6326454162597654,5.6326454162597654,521.8897207554144,9.027601176402188,279.40032958984375,8.126189609123914,0,0,0,0,0,0,,,,,,,,,0,0,0,0.00025612856447696685,1.4641928534433268,0.0,0.4988244807990073,0.015630006790161133,24568.127522613908
51000,1768676337.684126,6.119775772094727,6.119775772094727,0,0,0,,,454.76271257591833,8.82897015775349,,,0,0,0,0,0,0,,,,,,,,,0,0,0,0.0002544500201940536,1.432293873559303,0.0,0.4417162097996837,0.01562976837158203,24568.502288120082
52000,1768676345.2164793,5.180026531219482,5.180026531219482,0,0,0,,,177.68752519755768,7.473198588263607,,,0,0,0,0,0,0,,,,,,,,,0,0,0,0.00025274569094181057,1.6188573671175104,0.0,0.5466115210149515,0.021326303482055664,18005.933392212322
53000,1768676352.7520661,6.461019992828369,6.461019992828369,0,0,0,,,639.7132268120865,9.321281502737934,,,0,0,0,0,0,0,,,,,,,,,0,0,0,0.00025101599693298337,1.5873356109760477,0.0,0.48936008734378056,0.0,0
54000,1768676360.3544042,5.8100199699401855,5.8100199699401855,0,0,0,,,333.62578809507613,8.38208699809855,,,0,0,0,0,0,0,,,,,,,,,0,0,0,0.0002492613673210144,1.5456333705050203,0.0,0.5014503885943866,0.015630006790161133,24568.127522613908
55000,1768676367.8560822,6.095102787017822,6.095102787017822,0,0,0,5.552327823638916,5.552327823638916,443.6796473412494,8.793374564539112,257.8370056152344,8.010315816553677,0,0,0,0,0,0,,,,,,,,,0,0,0,0.0002474822402000427,1.5731969750904167,0.0,0.490883947219185,0.0,0
56000,1768676395.17608,5.34873628616333,5.34873628616333,0,0,0,,,210.34231734357346,7.716595315070688,,,0,0,0,0,0,0,,,,,,,,,0,0,0,0.0002456790447235107,1.8757537061640461,0.0,0.6219724037512486,0.015630722045898438,24567.003294691884
57000,1768676402.7845774,6.448794364929199,6.448794364929199,0,0,0,,,631.9399443880042,9.303643649996047,,,0,0,0,0,0,0,,,,,,,,,0,0,0,0.00024385222792625425,1.6764592215585044,0.0,0.5487744220059582,0.0,0
58000,1768676410.3334086,5.086095333099365,5.086095333099365,0,0,0,,,161.75702005677712,7.337684514550955,,,0,0,0,0,0,0,,,,,,,,,0,0,0,0.00024200224578380583,1.575502695377318,0.0,0.524817573301373,0.015630006790161133,24568.127522613908
59000,1768676418.0076818,6.09104585647583,6.09104585647583,0,0,0,,,441.88331608842213,8.78752165096495,,,0,0,0,0,0,0,,,,,,,,,0,0,0,0.00024012954533100125,1.6112968489981874,0.0,0.5080349594997526,0.015630245208740234,24567.752768540835
60000,1768676425.5540829,5.986064910888672,5.986064910888672,0,0,0,5.427765846252441,5.427765846252441,397.8459662452102,8.636066161378523,227.6400909423828,7.830610869494885,0,0,0,0,0,0,,,,,,,,,0,0,0,0.00023823460936546324,1.6849030276834551,0.0,0.5405455245910799,0.0,0
61000,1768676452.9265788,6.078458309173584,6.078458309173584,0,0,0,,,436.3559499190316,8.769361658895043,,,0,0,0,0,0,0,,,,,,,,,0,0,0,0.00023631787598133084,1.527320160818363,0.0,0.48925567186188534,0.01562952995300293,24568.877065059874
62000,1768676460.5901415,6.214737415313721,6.214737415313721,0,0,0,,,500.0646626266593,8.965970849500199,,,0,0,0,0,0,0,,,,,,,,,0,0,0,0.00023437984585762022,1.7447015860132322,0.0,0.5425410871104425,0.015213251113891602,25241.153066181887
63000,1768676468.2313876,5.759402751922607,5.759402751922607,0,0,0,,,317.1588498271842,8.309061788680994,,,0,0,0,0,0,0,,,,,,,,,0,0,0,0.00023242098391056058,1.548467997916712,0.0,0.5052490257251245,0.028157711029052734,13637.472151191343
64000,1768676475.7661958,5.5900678634643555,5.5900678634643555,0,0,0,,,267.75378979686775,8.064763184852788,,,0,0,0,0,0,0,,,,,,,,,0,0,0,0.00023044177293777464,1.9811863994933776,0.0,0.6765110318049538,0.01562976837158203,24568.502288120082
65000,1768676483.3906798,5.923364162445068,5.923364162445068,0,0,0,5.472820091247558,5.472820091247558,373.6666771446606,8.545608102538909,238.13084411621094,7.895610405320337,0,0,0,0,0,0,,,,,,,,,0,0,0,0.00022844270467758175,1.5940833764870805,0.0,0.5373767119973308,0.01562976837158203,24568.502288120082
66000,1768676508.538342,6.444082736968994,6.444082736968994,0,0,0,,,628.9694818292929,9.296846207703346,,,0,0,0,0,0,0,,,,,,,,,0,0,0,0.00022642427086830137,1.5741302759838038,0.0,0.5048468720498085,0.015630245208740234,24567.752768540835
67000,1768676516.149146,6.320152282714844,6.320152282714844,0,0,0,,,555.65760305719,9.118052355935767,,,0,0,0,0,0,0,,,,,,,,,0,0,0,0.00022438696771860122,1.7354869636298915,0.0,0.553862627050812,0.015630245208740234,24567.752768540835
68000,1768676523.7106125,6.254737377166748,6.254737377166748,0,0,0,,,520.4726688002517,9.023678596101309,,,0,0,0,0,0,0,,,,,,,,,0,0,0,0.00022233131825923918,1.5942182259152051,0.0,0.5192211482788154,0.015623331069946289,24578.6252804102
69000,1768676531.3229055,6.371401309967041,6.371401309967041,0,0,0,,,584.8768486645105,9.191989073402896,,,0,0,0,0,0,0,,,,,,,,,0,0,0,0.0002202578008174896,1.6760749303871207,0.0,0.5379043497738364,0.015638113021850586,24555.392294674573
70000,1768676538.872141,5.889516353607178,5.889516353607178,0,0,0,5.520797157287598,5.520797157287598,361.2305342721866,8.496776036583526,249.83413696289062,7.964826680572704,0,0,0,0,0,0,,,,,,,,,0,0,0,0.0002181669384241104,1.6887066274647446,0.0,0.5442583123659235,0.015631675720214844,24565.50448416814
71000,1768676563.8482585,5.9279351234436035,5.9279351234436035,0,0,0,,,375.3786025437555,8.552202605303592,,,0,0,0,0,0,0,,,,,,,,,0,0,0,0.00021605924516916272,1.6357849749066558,0.0,0.5545963373123953,0.01562976837158203,24568.502288120082
72000,1768676571.502066,6.314171314239502,6.314171314239502,0,0,0,,,552.3441511533017,9.109423642376678,,,0,0,0,0,0,0,,,,,,,,,0,0,0,0.00021393526196479795,1.6456685559354498,0.0,0.5282413306465547,0.015630245208740234,24567.752768540835
73000,1768676579.0789185,5.951253890991211,5.951253890991211,0,0,0,,,384.2348257186143,8.585844475604167,,,0,0,0,0,0,0,,,,,,,,,0,0,0,0.00021179548054933546,1.6753998330324067,0.0,0.5481053549718337,0.015630245208740234,24567.752768540835
74000,1768676586.625939,5.29254150390625,5.29254150390625,0,0,0,,,198.84815711695933,7.635523381384563,,,0,0,0,0,0,0,,,,,,,,,0,0,0,0.00020964044630527494,1.823737017710437,0.0,0.6007528748901143,0.015630245208740234,24567.752768540835
75000,1768676594.2242563,6.100358009338379,6.100358009338379,0,0,0,5.440442180633545,5.440442180633545,446.0174199041536,8.800956247719748,230.54408264160156,7.848898954243153,0,0,0,0,0,0,,,,,,,,,0,0,0,0.00020747068673372267,1.6310193015729821,0.0,0.542152541836583,0.01562976837158203,24568.502288120082
76000,1768676619.1153042,5.682435035705566,5.682435035705566,0,0,0,,,293.6636414567271,8.19802084618612,,,0,0,0,0,0,0,,,,,,,,,0,0,0,0.00020528674274682997,1.8557485354326255,0.0,0.5933392280521254,0.01562952995300293,24568.877065059874
77000,1768676626.761473,5.961266994476318,5.961266994476318,0,0,0,,,388.1015353660128,8.60029033034604,,,0,0,0,0,0,0,,,,,,,,,0,0,0,0.00020308916419744489,1.867087537468782,0.0,0.642289614938307,0.01562976837158203,24568.502288120082
78000,1768676634.4173114,6.583235263824463,6.583235263824463,0,0,0,,,722.8742390631985,9.4976008681249,,,0,0,0,0,0,0,,,,,,,,,0,0,0,0.00020087846517562863,1.8195070761253802,0.0,0.5785624710208713,0.015630722045898438,24567.003294691884
79000,1768676642.0418637,5.934840679168701,5.934840679168701,0,0,0,,,377.97977132285325,8.562165216302773,,,0,0,0,0,0,0,,,,,,,,,0,0,0,0.00019865520447492598,1.757907202174461,0.0,0.5779121262844726,0.01562952995300293,24568.877065059874
80000,1768676649.6377213,5.776063442230225,5.776063442230225,0,0,0,5.396625709533692,5.396625709533692,322.4871989372576,8.33309808396558,220.66053771972656,7.785685148678141,0,0,0,0,0,0,,,,,,,,,0,0,0,0.0001964199364185333,1.6814576569142659,0.0,0.5736340877288669,0.01562976837158203,24568.502288120082
81000,1768676678.1820884,5.907819747924805,5.907819747924805,0,0,0,,,367.9031587345587,8.523182252797001,,,0,0,0,0,0,0,,,,,,,,,0,0,0,0.00019417320638895032,1.6770479162984726,0.0,0.5318229727383134,0.012642145156860352,30374.59190947666
82000,1768676685.956083,6.104844570159912,6.104844570159912,0,0,0,,,448.02299990010374,8.80742898676762,,,0,0,0,0,0,0,,,,,,,,,0,0,0,0.0001919155865907669,1.6895081857956828,0.0,0.5335661754854367,0.017750978469848633,21632.610317918687
83000,1768676693.780364,6.012721538543701,6.012721538543701,0,0,0,,,408.5938122739024,8.674523545903256,,,0,0,0,0,0,0,,,,,,,,,0,0,0,0.0001896476089954376,1.7775823299744347,0.0,0.5729788337896671,0.012941122055053711,29672.852042226274
84000,1768676701.400324,6.527318000793457,6.527318000793457,0,0,0,,,683.5624369058256,9.416929310049984,,,0,0,0,0,0,0,,,,,,,,,0,0,0,0.00018736983910202978,1.6591547219752114,0.0,0.530546261135584,0.0,0
85000,1768676709.0580478,5.417267322540283,5.417267322540283,0,0,0,5.362506484985351,5.362506484985351,225.26271032676945,7.8154647013986995,213.2587890625,7.736461512623273,0,0,0,0,0,0,,,,,,,,,0,0,0,0.00018508284687995908,1.7382961941779103,0.0,0.5733032776158116,0.0,0
86000,1768676737.6262987,5.553031921386719,5.553031921386719,0,0,0,,,258.0186634830132,8.011331614882732,,,0,0,0,0,0,0,,,,,,,,,0,0,0,0.00018278720900416373,2.0382968231027583,0.0,0.6999989350397315,0.01562952995300293,24568.877065059874
87000,1768676745.1930711,5.487154960632324,5.487154960632324,0,0,0,,,241.568955083277,7.91629125029353,,,0,0,0,0,0,0,,,,,,,,,0,0,0,0.00018048346191644666,1.6455314517897877,0.0,0.561672497781395,0.0173184871673584,22172.837401395944
88000,1768676752.8858962,5.874734878540039,5.874734878540039,0,0,0,,,355.93028340423217,8.475450875807141,,,0,0,0,0,0,0,,,,,,,,,0,0,0,0.00017817218899726867,1.74289711867711,0.0,0.5518923986143576,0.0,0
89000,1768676760.4368103,5.567598342895508,5.567598342895508,0,0,0,,,261.8045787701195,8.03234651895696,,,0,0,0,0,0,0,,,,,,,,,0,0,0,0.00017585396021604536,1.7742494814113685,0.0,0.6284224277781327,0.0,0
90000,1768676767.9757414,5.69418478012085,5.69418478012085,0,0,0,5.314394092559814,5.314394092559814,297.13446490137983,8.214972144185763,203.24131774902344,7.667050002665647,0,0,0,0,0,0,,,,,,,,,0,0,0,0.00017352935224771498,1.671654208400434,0.0,0.5619118470316897,0.015629053115844727,24569.626653242416
91000,1768676795.1807656,5.305574417114258,5.305574417114258,0,0,0,,,201.4566893543828,7.654325900638093,,,0,0,0,0,0,0,,,,,,,,,0,0,0,0.00017119895070791244,1.6722176150408308,0.0,0.5660951158225627,0.01563096046447754,24566.628574914965
92000,1768676802.7059004,6.30413818359375,6.30413818359375,0,0,0,,,546.830117886615,9.09494889454946,,,0,0,0,0,0,0,,,,,,,,,0,0,0,0.00016886330097913742,1.660832732998802,0.0,0.554620876892337,0.015630006790161133,24568.127522613908
93000,1768676810.2205696,6.119479179382324,6.119479179382324,0,0,0,,,454.6278532696283,8.828542264918143,,,0,0,0,0,0,0,,,,,,,,,0,0,0,0.0001665229920297861,1.8178016461711914,0.0,0.5831417990979855,0.021477222442626953,17879.406940343244
94000,1768676817.7319975,6.223097324371338,6.223097324371338,0,0,0,,,504.2626808049855,8.978031648839906,,,0,0,0,0,0,0,,,,,,,,,0,0,0,0.00016417860500514506,1.8187861177964546,0.0,0.6095277915222431,0.01562976837158203,24568.502288120082
95000,1768676825.2648325,5.796436786651611,5.796436786651611,0,0,0,5.366621971130371,5.366621971130371,329.12472644297844,8.362490606928638,214.13827514648438,7.74239890407554,0,0,0,0,0,0,,,,,,,,,0,0,0,0.00016183071881532667,2.012212709425365,0.0,0.6443566758120483,0.01562976837158203,24568.502288120082
96000,1768676849.8880599,5.827549457550049,5.827549457550049,0,0,0,,,339.52563680007796,8.407376702942624,,,0,0,0,0,0,0,,,,,,,,,0,0,0,0.00015947992913424968,2.296647858870869,0.0,0.7375467390764735,0.0,0
97000,1768676857.4854414,5.061625957489014,5.061625957489014,0,0,0,,,157.8469602305286,7.302382667704252,,,0,0,0,0,0,0,,,,,,,,,0,0,0,0.0001571267819032073,2.137309072749652,0.0,0.76932690108556,0.01562976837158203,24568.502288120082
98000,1768676865.0659351,5.488862991333008,5.488862991333008,0,0,0,,,241.9819148484735,7.918755417715092,,,0,0,0,0,0,0,,,,,,,,,0,0,0,0.00015477187503129243,1.76560762899307,0.0,0.5917241193502314,0.015628814697265625,24570.00146448621
99000,1768676872.6117573,5.759083271026611,5.759083271026611,0,0,0,,,317.05753981783636,8.308600875176682,,,0,0,0,0,0,0,,,,,,,,,0,0,0,0.00015241579050198197,1.7709724946102456,0.0,0.5878010492203536,0.015629291534423828,24569.25185343381
100000,1768676880.169063,5.873223781585693,5.873223781585693,0,0,0,5.329598617553711,5.329598617553711,355.3928444005077,8.473270823724805,206.35508728027344,7.688985495473414,0,0,0,0,0,0,,,,,,,,,0,0,0,0.00015005912721098864,1.7957279600288565,0.0,0.6231780615367534,0.01562976837158203,24568.502288120082
101000,1768676907.035556,6.059114933013916,6.059114933013916,0,0,0,,,427.9964636355568,8.74145506603544,,,0,0,0,0,0,0,,,,,,,,,0,0,0,0.00014770243149250746,1.7948182331433438,0.0,0.5967822569682383,0.0,0
102000,1768676914.5373197,5.589221477508545,5.589221477508545,0,0,0,,,267.52726262779896,8.063542108031664,,,0,0,0,0,0,0,,,,,,,,,0,0,0,0.0001453463030979037,2.3162210025430463,0.0,0.7640349225522397,0.01562952995300293,24568.877065059874
103000,1768676922.0461698,5.539097309112549,5.539097309112549,0,0,0,,,254.44820768028507,7.991228218858076,,,0,0,0,0,0,0,,,,,,,,,0,0,0,0.00014299132358282804,1.958070680119269,0.0,0.6441258812167202,0.015628814697265625,24570.00146448621
104000,1768676929.5485141,5.534029960632324,5.534029960632324,0,0,0,,,253.16209129383438,7.983917580335199,,,0,0,0,0,0,0,,,,,,,,,0,0,0,0.00014063807353377342,2.0566070298547765,0.0,0.679074731194172,0.0,0
105000,1768676937.0498354,5.457846164703369,5.457846164703369,0,0,0,5.241333961486816,5.241333961486816,234.59160815244044,7.874007595752399,188.9219512939453,7.561646513879936,0,0,0,0,0,0,,,,,,,,,0,0,0,0.00013828715309500693,1.9478667653072403,0.0,0.637572802085448,0.015630006790161133,24568.127522613908
106000,1768676964.083317,5.439871788024902,5.439871788024902,0,0,0,,,230.41263990711394,7.848076051655306,,,0,0,0,0,0,0,,,,,,,,,0,0,0,0.00013593910597264766,1.9204328459667483,0.0,0.6319599426376206,0.01562952995300293,24568.877065059874
107000,1768676971.6255076,6.132206916809082,6.132206916809082,0,0,0,,,460.4512177268837,8.846904508585464,,,0,0,0,0,0,0,,,,,,,,,0,0,0,0.00013359453007578847,1.8034041331718291,0.0,0.5624548546618633,0.01562952995300293,24568.877065059874
108000,1768676979.1315653,5.352050304412842,5.352050304412842,0,0,0,,,211.04055196398926,7.721376432764674,,,0,0,0,0,0,0,,,,,,,,,0,0,0,0.0001312540043145418,1.9120446888849911,0.0,0.6500982009003573,0.01562952995300293,24568.877065059874
109000,1768676986.6440814,5.95781946182251,5.95781946182251,0,0,0,,,386.76584638846987,8.595316592083089,,,0,0,0,0,0,0,,,,,,,,,0,0,0,0.00012891810536384582,1.9552701172601368,0.0,0.6188566222770367,0.0,0
110000,1768676994.1349113,6.011707305908203,6.011707305908203,0,0,0,5.280042266845703,5.280042266845703,408.1796131774584,8.673060317509716,196.37815856933594,7.617490794062417,0,0,0,0,0,0,,,,,,,,,0,0,0,0.00012658742889761924,1.9250965100156283,0.0,0.6009881290062371,0.0,0
111000,1768677018.6897268,5.605794429779053,5.605794429779053,0,0,0,,,271.9979228753221,8.087451824085214,,,0,0,0,0,0,0,,,,,,,,,0,0,0,0.0001242625147104263,1.8229033977831168,0.0,0.6415371295622017,0.0,0
112000,1768677026.2287328,6.146046161651611,6.146046161651611,0,0,0,,,466.86781287163507,8.866870318489429,,,0,0,0,0,0,0,,,,,,,,,0,0,0,0.00012194395288825034,1.8840619241278054,0.0,0.6116966235367027,0.01562976837158203,24568.502288120082
113000,1768677033.7303054,6.134182929992676,6.134182929992676,0,0,0,,,461.3619749412979,8.849755293006165,,,0,0,0,0,0,0,,,,,,,,,0,0,0,0.00011963231787085532,1.8787027301025727,0.0,0.6063048804339181,0.015629291534423828,24569.25185343381
114000,1768677041.2710035,5.831202507019043,5.831202507019043,0,0,0,,,340.76820895425465,8.412646939295664,,,0,0,0,0,0,0,,,,,,,,,0,0,0,0.00011732819527387618,1.8401671042609649,0.0,0.6248377859116258,0.015630722045898438,24567.003294691884
115000,1768677048.8202374,5.622868061065674,5.622868061065674,0,0,0,5.278237915039062,5.278237915039062,276.681786620743,8.11208386727239,196.02413940429688,7.614887664658957,0,0,0,0,0,0,,,,,,,,,0,0,0,0.0001150321215391159,2.0384784515342638,0.0,0.6749374725709693,0.01563096046447754,24566.628574914965
116000,1768677073.5040483,6.126517295837402,6.126517295837402,0,0,0,,,457.8388635219151,8.838696120625084,,,0,0,0,0,0,0,,,,,,,,,0,0,0,0.00011274468004703521,1.920932656810344,0.0,0.6349246138163419,0.015630483627319336,24567.378025900332
117000,1768677081.0410318,5.738112926483154,5.738112926483154,0,0,0,,,310.47796307858056,8.278347063098105,,,0,0,0,0,0,0,,,,,,,,,0,0,0,0.00011046643406152724,2.000090247047028,0.0,0.6463636034647792,0.01562952995300293,24568.877065059874
118000,1768677088.5466454,5.456667900085449,5.456667900085449,0,0,0,,,234.31535993960077,7.872307719231271,,,0,0,0,0,0,0,,,,,,,,,0,0,0,0.00010819795131683349,1.7741747550206095,0.0,0.5984620433584015,0.01562976837158203,24568.502288120082
119000,1768677096.0691426,5.914161682128906,5.914161682128906,0,0,0,,,370.2437905822838,8.532331729822904,,,0,0,0,0,0,0,,,,,,,,,0,0,0,0.00010593979954719542,1.9277158927495506,0.0,0.6290008470081,0.015622138977050781,24580.500824125513
120000,1768677103.6275804,5.606441497802734,5.606441497802734,0,0,0,5.327043056488037,5.327043056488037,272.17398098836725,8.088385345914098,205.8284454345703,7.685298600197277,0,0,0,0,0,0,,,,,,,,,0,0,0,0.00010369251072406767,1.8788509906243545,0.0,0.6379812320629419,0.01562976837158203,24568.502288120082
121000,1768677128.2734835,6.14646053314209,6.14646053314209,0,0,0,,,467.06130967012086,8.867468130183827,,,0,0,0,0,0,0,,,,,,,,,0,0,0,0.00010145665258169173,2.293049405510231,0.0,0.7202526198201884,0.01562976837158203,24568.502288120082
122000,1768677135.8308814,5.768519878387451,5.768519878387451,0,0,0,,,320.0636487590826,8.322215021818982,,,0,0,0,0,0,0,,,,,,,,,0,0,0,9.9232779443264e-05,1.8346683979226868,0.0,0.6368443190076911,0.015630245208740234,24567.752768540835
123000,1768677143.353941,6.429426193237305,6.429426193237305,0,0,0,,,619.8181900852095,9.275701284745066,,,0,0,0,0,0,0,,,,,,,,,0,0,0,9.702143669128417e-05,2.0141340613219727,0.0,0.6329174803596054,0.015630006790161133,24568.127522613908
124000,1768677150.910424,6.3172783851623535,6.3172783851623535,0,0,0,,,554.0629925029547,9.113906198188767,,,0,0,0,0,0,0,,,,,,,,,0,0,0,9.482318758964538e-05,2.0620919040363157,0.0,0.656054479802451,0.015630006790161133,24568.127522613908
125000,1768677158.480306,5.844478607177734,5.844478607177734,0,0,0,5.29243049621582,5.29243049621582,345.32244619007577,8.431800303156953,198.82606506347656,7.635363231140079,0,0,0,0,0,0,,,,,,,,,0,0,0,9.263854622840881e-05,1.9322243247728625,0.0,0.6422268183231457,0.01562976837158203,24568.502288120082
126000,1768677183.069252,6.636900901794434,6.636900901794434,0,0,0,,,762.7275588503921,9.57502401789032,,,0,0,0,0,0,0,,,,,,,,,0,0,0,9.046806246042251e-05,2.0826365535743068,0.0,0.6640591667958476,0.015630006790161133,24568.127522613908
127000,1768677190.5559628,5.809793472290039,5.809793472290039,0,0,0,,,333.55023119509747,8.38176023106191,,,0,0,0,0,0,0,,,,,,,,,0,0,0,8.831227272748947e-05,1.8161457850500613,0.0,0.580763941392715,0.015630245208740234,24567.752768540835
128000,1768677198.0426772,5.828406810760498,5.828406810760498,0,0,0,,,339.8168550154158,8.40861360216763,,,0,0,0,0,0,0,,,,,,,,,0,0,0,8.617173135280609e-05,2.029042868193582,0.0,0.6911842153343323,0.0,0
129000,1768677205.5729492,5.856426239013672,5.856426239013672,0,0,0,,,349.4729767750298,8.449037092357027,,,0,0,0,0,0,0,,,,,,,,,0,0,0,8.404691219329833e-05,2.1193325854238765,0.0,0.6937707546412395,0.01562976837158203,24568.502288120082
130000,1768677213.1315484,6.030316352844238,6.030316352844238,0,0,0,5.274655818939209,5.274655818939209,415.8465628183149,8.699907497240003,195.3232421875,7.609719792379711,0,0,0,0,0,0,,,,,,,,,0,0,0,8.193840533494948e-05,2.0802492358328597,0.0,0.669529689446191,0.015630006790161133,24568.127522613908
131000,1768677237.793356,5.318343162536621,5.318343162536621,0,0,0,,,204.04553149366353,7.6727473063373095,,,0,0,0,0,0,0,,,,,,,,,0,0,0,7.984670251607894e-05,1.8966281660521398,0.0,0.6414064757839087,0.015630006790161133,24568.127522613908
132000,1768677245.3948162,5.628452777862549,5.628452777862549,0,0,0,,,278.23129880792544,8.12014091050001,,,0,0,0,0,0,0,,,,,,,,,0,0,0,7.777228653430938e-05,2.027788849519531,0.0,0.6834606972778162,0.01562976837158203,24568.502288120082
133000,1768677252.9289253,4.855310916900635,4.855310916900635,0,0,0,,,128.42061314721408,7.004732981786592,,,0,0,0,0,0,0,,,,,,,,,0,0,0,7.571572959423064e-05,2.317242763945844,0.0,0.8036185774377628,0.015630006790161133,24568.127522613908
134000,1768677260.5399954,5.735784530639648,5.735784530639648,0,0,0,,,309.7558884438602,8.274987897961452,,,0,0,0,0,0,0,,,,,,,,,0,0,0,7.367747426033019e-05,2.2612731604316667,0.0,0.7252560013452327,0.01562976837158203,24568.502288120082
135000,1768677268.1296508,5.974269866943359,5.974269866943359,0,0,0,5.266566276550293,5.266566276550293,393.1809218760325,8.619049509971552,193.74954223632812,7.598049049692161,0,0,0,0,0,0,,,,,,,,,0,0,0,7.165810167789459e-05,1.9957596876617116,0.0,0.6442731188716849,0.01562976837158203,24568.502288120082
136000,1768677292.6117606,5.713986396789551,5.713986396789551,0,0,0,,,303.0768479014621,8.243539838355282,,,0,0,0,0,0,0,,,,,,,,,0,0,0,6.965805888175963e-05,2.0138445989126716,0.0,0.6440233399799882,0.0,0
137000,1768677300.1457362,6.153804779052734,6.153804779052734,0,0,0,,,470.5041498411455,8.878063637338183,,,0,0,0,0,0,0,,,,,,,,,0,0,0,6.767782866954803e-05,2.0424388000979348,0.0,0.6684662426109268,0.0,0
138000,1768677307.6618104,5.417054176330566,5.417054176330566,0,0,0,,,225.21470155049886,7.815157196418957,,,0,0,0,0,0,0,,,,,,,,,0,0,0,6.571793854236602e-05,1.9487086883761229,0.0,0.669253439511631,0.01562976837158203,24568.502288120082
139000,1768677315.2110434,6.611633777618408,6.611633777618408,0,0,0,,,743.6970623232396,9.538571263144041,,,0,0,0,0,0,0,,,,,,,,,0,0,0,6.377883553504943e-05,2.0772706605725055,0.0,0.6888005835691103,0.0,0
140000,1768677322.8304424,5.7927045822143555,5.7927045822143555,0,0,0,5.2191108703613285,5.2191108703613285,327.8986550762328,8.357106174095426,184.7698516845703,7.52958537051997,0,0,0,0,0,0,,,,,,,,,0,0,0,6.186103820800781e-05,2.0193795303013387,0.0,0.6825394508728438,0.01366734504699707,28096.16634976014
141000,1768677350.885326,5.901878356933594,5.901878356933594,0,0,0,,,365.7237828946226,8.514610637477999,,,0,0,0,0,0,0,,,,,,,,,0,0,0,5.9965002536773674e-05,1.919909544456765,0.0,0.6258255457211496,0.0,0
142000,1768677358.3974228,5.941575527191162,5.941575527191162,0,0,0,,,380.5339991518125,8.571881548145917,,,0,0,0,0,0,0,,,,,,,,,0,0,0,5.809116661548614e-05,2.0227756345585735,0.0,0.6953886852922733,0.016666412353515625,23040.3515678645
143000,1768677365.8781476,6.271551132202148,6.271551132202148,0,0,0,,,529.2977522466855,9.047935717109604,,,0,0,0,0,0,0,,,,,,,,,0,0,0,5.624004006385803e-05,2.2336471886022937,0.0,0.7718712063563876,0.013003110885620117,29531.394708373824
144000,1768677373.4489014,6.596672534942627,6.596672534942627,0,0,0,,,732.6532506716594,9.516986752530155,,,0,0,0,0,0,0,,,,,,,,,0,0,0,5.441203415393829e-05,2.0046867912129436,0.0,0.6489568846125672,0.015628814697265625,24570.00146448621
145000,1768677380.908927,5.970934867858887,5.970934867858887,0,0,0,5.2302141189575195,5.2302141189575195,391.87184795502486,8.614238123331015,186.8328094482422,7.545603972207453,0,0,0,0,0,0,,,,,,,,,0,0,0,5.260764956474304e-05,2.0689004478452984,0.0,0.6768346614806834,0.015629291534423828,24569.25185343381
146000,1768677405.6556387,5.290943145751953,5.290943145751953,0,0,0,,,198.5305804118334,7.633217438001795,,,0,0,0,0,0,0,,,,,,,,,0,0,0,5.0827315449714655e-05,2.209841737925385,0.0,0.7374320192052146,0.013142585754394531,29217.994630288078
147000,1768677413.157338,4.9938812255859375,4.9938812255859375,0,0,0,,,147.50782505395125,7.204647678941331,,,0,0,0,0,0,0,,,,,,,,,0,0,0,4.907143414020538e-05,2.2541826708476145,0.0,0.8043003629511127,0.01372385025024414,27980.486015079394
148000,1768677420.7023418,5.740027904510498,5.740027904510498,0,0,0,,,311.0730912026228,8.281109792401564,,,0,0,0,0,0,0,,,,,,,,,0,0,0,4.734048843383789e-05,2.0271380710350497,0.0,0.6812058082538794,0.015628814697265625,24570.00146448621
149000,1768677428.2690754,5.378481388092041,5.378481388092041,0,0,0,,,216.6929529330135,7.759508426113976,,,0,0,0,0,0,0,,,,,,,,,0,0,0,4.563488960266113e-05,2.10147724906592,0.0,0.6820412844651954,0.02183055877685547,17590.021580533834
150000,1768677435.9359803,6.2976298332214355,6.2976298332214355,0,0,0,5.241419410705566,5.241419410705566,543.2827122864803,9.085559329742955,188.93807983398438,7.561769791044074,0,0,0,0,0,0,,,,,,,,,0,0,0,4.3955022096633905e-05,2.179802962889341,0.0,0.7051564001600382,0.013118267059326172,29272.15906364727
151000,1768677463.9249597,6.222695827484131,6.222695827484131,0,0,0,,,504.06026154637794,8.9774524112718,,,0,0,0,0,0,0,,,,,,,,,0,0,0,4.23013687133789e-05,2.0773568680791907,0.0,0.6906256262702822,0.013706684112548828,28015.528544094625
152000,1768677471.4975693,5.268343448638916,5.268343448638916,0,0,0,,,194.09416902543913,7.600612967051224,,,0,0,0,0,0,0,,,,,,,,,0,0,0,4.0674269199371335e-05,2.1948277537191077,0.0,0.7119062375497857,0.023113250732421875,16613.846509324972
153000,1768677479.1438506,5.364885330200195,5.364885330200195,0,0,0,,,213.7667206883934,7.739893460817771,,,0,0,0,0,0,0,,,,,,,,,0,0,0,3.9074179530143734e-05,1.940974826190497,0.0,0.6136724054597781,0.013628482818603516,28176.283824918653
154000,1768677486.7495468,5.662027359008789,5.662027359008789,0,0,0,,,287.7313864593542,8.168578792219614,,,0,0,0,0,0,0,,,,,,,,,0,0,0,3.750147521495819e-05,1.9392071654773533,0.0,0.6605877665647479,0.02340841293334961,16404.358599335927
155000,1768677494.3396897,5.997014999389648,5.997014999389648,0,0,0,5.236070728302002,5.236070728302002,402.2263538323203,8.651863799756176,187.93020629882812,7.55405327346516,0,0,0,0,0,0,,,,,,,,,0,0,0,3.595652282238006e-05,2.351514705220282,0.0,0.788417482070473,0.013379573822021484,28700.465732919918
156000,1768677519.469633,5.750393390655518,5.750393390655518,0,0,0,,,314.3142842701673,8.296064027859387,,,0,0,0,0,0,0,,,,,,,,,0,0,0,3.443974256515503e-05,2.0119042912853957,0.0,0.701837135846386,0.0,0
157000,1768677527.0195365,5.556659698486328,5.556659698486328,0,0,0,,,258.9563975984019,8.016565390913788,,,0,0,0,0,0,0,,,,,,,,,0,0,0,3.2951465249061584e-05,2.188694994591695,0.0,0.7529800899092085,0.015630245208740234,24567.752768540835
158000,1768677534.5780394,5.227347373962402,5.227347373962402,0,0,0,,,186.29796866198484,7.541468133419504,,,0,0,0,0,0,0,,,,,,,,,0,0,0,3.149211108684539e-05,2.263939585152101,0.0,0.7414669357554168,0.016832828521728516,22812.565309764595
159000,1768677542.2608593,6.276355743408203,6.276355743408203,0,0,0,,,531.846941185491,9.054867305869978,,,0,0,0,0,0,0,,,,,,,,,0,0,0,3.006201088428497e-05,2.105940625575829,0.0,0.6989973765256124,0.0,0
160000,1768677549.9667916,6.025568962097168,6.025568962097168,0,0,0,5.215602874755859,5.215602874755859,413.87705540344473,8.693058460152043,184.12278747558594,7.5245244026565,0,0,0,0,0,0,,,,,,,,,0,0,0,2.8661486506462095e-05,2.264761154015134,0.0,0.7274844108425441,0.015630006790161133,24568.127522613908
161000,1768677578.009233,5.87635612487793,5.87635612487793,0,0,0,,,356.50780209628016,8.477789839858875,,,0,0,0,0,0,0,,,,,,,,,0,0,0,2.7290949225425717e-05,2.087123831046816,0.0,0.6791805180031091,0.012918233871459961,29725.425613199714
162000,1768677585.7843063,5.574924945831299,5.574924945831299,0,0,0,,,263.72976087614427,8.042916572678989,,,0,0,0,0,0,0,,,,,,,,,0,0,0,2.5950676202774046e-05,2.05663560497832,0.0,0.7001025008591102,0.01663661003112793,23081.62536006535
163000,1768677593.6237133,5.284400939941406,5.284400939941406,0,0,0,,,197.23599184492608,7.623779030122444,,,0,0,0,0,0,0,,,,,,,,,0,0,0,2.4641042947769164e-05,2.0049416027672975,0.0,0.6763363325002595,0.004132747650146484,92916.39183108343
164000,1768677601.3409057,4.997193813323975,4.997193813323975,0,0,0,,,147.99726788007735,7.209426732843506,,,0,0,0,0,0,0,,,,,,,,,0,0,0,2.336236238479614e-05,2.0424319747106106,0.0,0.6888129603913995,0.01290130615234375,29764.428149024247
165000,1768677608.9862342,5.77689266204834,5.77689266204834,0,0,0,5.207622432708741,5.207622432708741,322.7547226163438,8.334294395284983,182.65927124023438,7.51301105849102,0,0,0,0,0,0,,,,,,,,,0,0,0,2.21149206161499e-05,2.1403848402579677,0.0,0.7103940032679273,0.016423940658569336,23380.503375092543
166000,1768677636.4198174,5.914280891418457,5.914280891418457,0,0,0,,,370.28792971236464,8.532503712473765,,,0,0,0,0,0,0,,,,,,,,,0,0,0,2.0899066329002377e-05,2.0777322905664684,0.0,0.7030097562085966,0.015630483627319336,24567.378025900332
167000,1768677644.0121462,5.849972248077393,5.849972248077393,0,0,0,,,347.2247441907943,8.439725951639316,,,0,0,0,0,0,0,,,,,,,,,0,0,0,1.9715067744255064e-05,2.034587059778477,0.0,0.7170522139565594,0.013381481170654297,28696.374870826356
168000,1768677651.5818906,5.524391174316406,5.524391174316406,0,0,0,,,250.7336384630177,7.9700117511170365,,,0,0,0,0,0,0,,,,,,,,,0,0,0,1.8563246726989745e-05,2.077494266632989,0.0,0.7085668387267386,0.026214599609375,14648.325960419092
169000,1768677659.116836,5.773255348205566,5.773255348205566,0,0,0,,,321.5828948405909,8.329046860641856,,,0,0,0,0,0,0,,,,,,,,,0,0,0,1.7443862557411193e-05,2.1382275477465784,0.0,0.6647195837760025,0.01562976837158203,24568.502288120082
170000,1768677666.6090758,5.4145827293396,5.4145827293396,0,0,0,5.193208789825439,5.193208789825439,224.65878259910528,7.811591652101269,180.0453338623047,7.492216567382136,0,0,0,0,0,0,,,,,,,,,0,0,0,1.6357192397117612e-05,2.129657860624869,0.0,0.7493479055885816,0.0,0
171000,1768677694.0067885,5.1652984619140625,5.1652984619140625,0,0,0,,,175.08970838361716,7.451950475714808,,,0,0,0,0,0,0,,,,,,,,,0,0,0,1.5303531289100644e-05,2.0722430232039812,0.0,0.7017388315358227,0.02022266387939453,18988.59627446357
172000,1768677701.745123,6.26637601852417,6.26637601852417,0,0,0,,,526.5656517721231,9.040469606270348,,,0,0,0,0,0,0,,,,,,,,,0,0,0,1.4283102750778198e-05,1.9901107004415965,0.0,0.6626988362727643,0.0,0
173000,1768677709.3608718,5.465139389038086,5.465139389038086,0,0,0,,,236.30879166847168,7.884529494332186,,,0,0,0,0,0,0,,,,,,,,,0,0,0,1.329619288444519e-05,2.0816398045316733,0.0,0.7104741019833354,0.0,0
174000,1768677717.019009,6.261045455932617,6.261045455932617,0,0,0,,,523.7662284860874,9.032779230054366,,,0,0,0,0,0,0,,,,,,,,,0,0,0,1.2343034148216246e-05,2.187997945044745,0.0,0.7133225266038684,0.0005114078521728516,750868.4083916084
175000,1768677724.5411844,6.492245197296143,6.492245197296143,0,0,0,5.188020992279053,5.188020992279053,660.0035391114319,9.366329950374334,179.11376953125,7.484732157588828,0,0,0,0,0,0,,,,,,,,,0,0,0,1.1423832178115843e-05,2.388698585733826,0.0,0.7532160417323956,0.01648998260498047,23286.86507431612
176000,1768677752.5048997,5.341963768005371,5.341963768005371,0,0,0,,,208.92258319420495,7.70682463670987,,,0,0,0,0,0,0,,,,,,,,,0,0,0,1.0538864135742186e-05,2.1562892157150926,0.0,0.7317705093059805,0.023966550827026367,16022.330571113078
177000,1768677760.059801,5.848739147186279,5.848739147186279,0,0,0,,,346.7968449250187,8.43794696309879,,,0,0,0,0,0,0,,,,,,,,,0,0,0,9.688317775726317e-06,2.2252726484640126,0.0,0.7655260259777474,0.012997865676879883,29543.311921052147
178000,1768677767.6717558,5.543863296508789,5.543863296508789,0,0,0,,,255.66379907674704,7.9981040852395715,,,0,0,0,0,0,0,,,,,,,,,0,0,0,8.872389793395995e-06,2.196944486530621,0.0,0.7464502743970081,0.01200246810913086,31993.419729053276
179000,1768677775.2544897,5.9511613845825195,5.9511613845825195,0,0,0,,,384.19928317877464,8.585711017067098,,,0,0,0,0,0,0,,,,,,,,,0,0,0,8.09132158756256e-06,2.1432789923592406,0.0,0.7215551863045807,0.015629291534423828,24569.25185343381
180000,1768677782.9351325,5.887523651123047,5.887523651123047,0,0,0,5.1874676704406735,5.1874676704406735,360.51142601156386,8.493901174591704,179.01463317871094,7.483933882916584,0,0,0,0,0,0,,,,,,,,,0,0,0,7.345274090766906e-06,2.1107117169704606,0.0,0.6748877531859587,0.015630483627319336,24567.378025900332
181000,1768677810.24416,5.663414001464844,5.663414001464844,0,0,0,,,288.1306437653503,8.17057929441445,,,0,0,0,0,0,0,,,,,,,,,0,0,0,6.634443998336791e-06,2.378550901112582,0.0,0.760856586390626,0.015628814697265625,24570.00146448621
182000,1768677817.8738573,6.438031196594238,6.438031196594238,0,0,0,,,625.174741209188,9.288115680414947,,,0,0,0,0,0,0,,,,,,,,,0,0,0,5.959010124206542e-06,2.2322221364469943,0.0,0.7601470214902488,0.015630006790161133,24568.127522613908
183000,1768677825.5825894,6.100675582885742,6.100675582885742,0,0,0,,,446.1590857318475,8.801414409501646,,,0,0,0,0,0,0,,,,,,,,,0,0,0,5.319124460220337e-06,2.0538570111672745,0.0,0.688730682014067,0.013005733489990234,29525.439706691108
184000,1768677833.17791,6.129980087280273,6.129980087280273,0,0,0,,,459.42701214752077,8.843691872667346,,,0,0,0,0,0,0,,,,,,,,,0,0,0,4.7149658203125e-06,2.14309735707612,0.0,0.6664891546960732,0.018561124801635742,20688.4013821274
185000,1768677840.9276674,5.634674549102783,5.634674549102783,0,0,0,5.185050201416016,5.185050201416016,279.9677867145597,8.129117029013841,178.58238220214844,7.480446212343207,0,0,0,0,0,0,,,,,,,,,0,0,0,4.14665937423706e-06,2.1888373303691924,0.0,0.7164879078038101,0.011742830276489258,32700.8047428583
186000,1768677869.3866835,6.071672439575195,6.071672439575195,0,0,0,,,433.404919322889,8.759571718477329,,,0,0,0,0,0,0,,,,,,,,,0,0,0,3.614366054534912e-06,2.356185538660992,0.0,0.7867985366814425,0.015630245208740234,24567.752768540835
187000,1768677876.9513187,6.050997734069824,6.050997734069824,0,0,0,,,424.5363932311132,8.72974442337289,,,0,0,0,0,0,0,,,,,,,,,0,0,0,3.1182110309600827e-06,2.252800388772083,0.0,0.7571304618161606,0.01562976837158203,24568.502288120082
188000,1768677884.6440208,5.443912982940674,5.443912982940674,0,0,0,,,231.34566629699682,7.853906263519554,,,0,0,0,0,0,0,,,,,,,,,0,0,0,2.6583015918731685e-06,2.2656684045818487,0.0,0.7599400899948419,0.012300968170166016,31217.05500639609
189000,1768677892.31748,5.329084396362305,5.329084396362305,0,0,0,,,206.2490453013844,7.688243631110653,,,0,0,0,0,0,0,,,,,,,,,0,0,0,2.2347807884216305e-06,2.4032005048982175,0.0,0.819194704659497,0.015629053115844727,24569.626653242416
190000,1768677899.8509192,5.648921966552734,5.648921966552734,0,0,0,5.182336616516113,5.182336616516113,283.9851552511769,8.149671707514361,178.0985107421875,7.4765313368650865,0,0,0,0,0,0,,,,,,,,,0,0,0,1.8477290868759155e-06,2.1755890093949195,0.0,0.7345946263227112,0.014014482498168945,27400.22687603137
191000,1768677927.1843493,5.847048282623291,5.847048282623291,0,0,0,,,346.2109539001544,8.435507561178952,,,0,0,0,0,0,0,,,,,,,,,0,0,0,1.4972537755966184e-06,2.1439042722997685,0.0,0.7280891274863415,0.015630006790161133,24568.127522613908
192000,1768677934.9315147,5.867309093475342,5.867309093475342,0,0,0,,,353.29701078029433,8.464737732519595,,,0,0,0,0,0,0,,,,,,,,,0,0,0,1.183435320854187e-06,2.0816033636003626,0.0,0.6923824068915433,0.012658357620239258,30335.688998549715
193000,1768677942.5564604,5.989727973937988,5.989727973937988,0,0,0,,,399.3059735202983,8.641350844274234,,,0,0,0,0,0,0,,,,,,,,,0,0,0,9.063541889190673e-07,2.08677108167866,0.0,0.7230311560894981,0.015628814697265625,24570.00146448621
194000,1768677950.1109817,5.634305477142334,5.634305477142334,0,0,0,,,279.8644775200905,8.12858457072677,,,0,0,0,0,0,0,,,,,,,,,0,0,0,6.660729646682739e-07,2.1255710287854286,0.0,0.7017022377332598,0.01562952995300293,24568.877065059874
195000,1768677957.8550332,5.800177574157715,5.800177574157715,0,0,0,5.1820807456970215,5.1820807456970215,330.35821778370035,8.367887422512712,178.0529022216797,7.476162193303274,0,0,0,0,0,0,,,,,,,,,0,0,0,4.6266317367553706e-07,1.9967380135164268,0.0,0.6775051977928782,0.009988069534301758,38445.867710596045
196000,1768677986.1592586,5.779676914215088,5.779676914215088,0,0,0,,,323.654605320973,8.338311222078534,,,0,0,0,0,0,0,,,,,,,,,0,0,0,2.9616057872772217e-07,2.198847613438977,0.0,0.7453087605799834,0.01400446891784668,27419.818791603535
197000,1768677993.9010475,6.074373245239258,6.074373245239258,0,0,0,,,434.57704391170245,8.763468157415277,,,0,0,0,0,0,0,,,,,,,,,0,0,0,1.6661882400512695e-07,2.1706865453169275,0.0,0.6939055866734213,0.012912273406982422,29739.147235865432
198000,1768678001.488304,5.74548864364624,5.74548864364624,0,0,0,,,312.77642670851833,8.288987973672288,,,0,0,0,0,0,0,,,,,,,,,0,0,0,7.406473159790039e-08,2.1168279723971937,0.0,0.7110371429976343,0.0025680065155029297,149532.3308884969
199000,1768678009.0781758,5.463889122009277,5.463889122009277,0,0,0,,,236.0135271958108,7.882725740289937,,,0,0,0,0,0,0,,,,,,,,,0,0,0,1.8516182899475097e-08,2.0216673489048884,0.0,0.6754256004520522,0.015630006790161133,24568.127522613908
200000,1768678016.6134496,5.957953929901123,5.957953929901123,0,0,0,5.181611156463623,5.181611156463623,386.81785754554875,8.595510588513262,177.96929931640625,7.475484719244995,0,0,0,0,0,0,,,,,,,,,0,0,0,0.0,2.1452496316256617,0.0,0.7048658490726992,0.015630245208740234,24567.752768540835
